hyperofthesnxper,73dfb8e9-3908-3244-b443-076c245984f7
jinkedin3,bd3f331b-3662-3b6f-b97e-8a1708cf748e
lucyfr,18618721-e007-3677-91e0-5ea8416c2bdd
robanomi,f05d718b-5ede-37f4-a555-1c8768271945
organicmatt,1996eaca-a967-33f3-829f-147a6fb5a856
jivekeyboard,b83580a1-81ac-3401-8fc3-f03d0a50c8bf
delvasity,7f2a46b6-c378-3737-8992-8ac26cf10299
soratwo,62ae680b-5ff1-339c-a7c9-53b3c7acbeee
peacaa,dfd61e77-134e-3957-b217-cfc83f841f6e
rabbwit,225614ca-6b3d-3870-abae-c962d04c5295
majestictumble,4c96cb1f-9808-39b5-b94d-a48a16f8ddcf
crowdedmountain,6aef9961-8a71-3240-8c0b-df755001db1b
riley_grist,2c29a596-e9fb-32f4-a2b4-2ba64fe7c610
ohshohm,e56ea94a-ce63-3528-9d23-e9699c1dedf6
jetb,f92bc27b-60bc-330f-a8c6-39630853348d
no1weeb200,f45524f8-1f87-32ba-b922-f8244a6271b2
redemptionlxon,3ebf69d8-899b-3a99-ba91-7ea7f36959dd
iburkea,70502564-fd3f-3e11-88d8-dc764201ecbc
r3d_jive,73ce4c07-e99d-3fdf-aba5-20f2ceb060a7
